"tag","cluster"
.htaccess,php
.net,c#
activity,android
admob,android
aeat-sii,php
alertdialog,android
algoritmos,java
android-asynctask,android
android-drawerlayout,android
android-fragment,android
android-imageview,android
android-intent,android
android-layout,android
android-listview,android
android-sqlite,android
android-studio,android
android-viewpager,android
android-volley,android
angular-directivas,javascript
angularjs,javascript
angularjs-2.0,javascript
apache,php
apache-poi,java
api,javascript
apk,android
app,android
archivo,java
arduino,android
arraylist,java
asincrónico,javascript
asp,c#
asp.net,c#
asp.net-core,c#
asp.net-mvc,c#
asp.net-mvc-5,c#
asp.net-web-api,c#
autenticación,php
autocompletar,javascript
azure,c#
base64,php
binding,c#
bitmap,android
blob,php
bluetooth,android
bootstrap,javascript
bootstrap-3,javascript
boton,android
bottombar,android
button,android
c,java
c++11,c++
cache,javascript
cakephp,php
calendar,java
cámara,android
canvas,javascript
centos,php
chart.js,javascript
checkbox,javascript
ciclos,javascript
clase,java
cmd,java
codeblocks,c++
codeigniter,php
codeigniter-3,php
codificación,php
comparaciones,java
condiciones,php
configuración,javascript
consola,java
constructor,java
control-de-versiones,java
controller,php
conversión-de-tipos,java
cookies,php
cordova,javascript
crystal-reports,c#
css,javascript
csv,php
curl,php
d3.js,javascript
datatables,javascript
date,php
datetime,javascript
delphi,javascript
depuración,java
descarga,php
dev-c++,c++
devexpress,c#
dialogo,android
diseño,java
div,javascript
django-forms,django
django-models,python
djangorestframework,python
dns,php
dom,javascript
dominio,php
eclipse,java
ecmascript-2015,javascript
edittext,android
email,php
encriptacion,php
entity-framework,c#
entity-framework-6,c#
es6,javascript
estructuras-de-datos,java
eventos,javascript
excepciones,java
express,javascript
facebook,php
firebase,android
firebird,php
firefox,javascript
formato,java
formulas,javascript
fragment,android
fullcalendar,javascript
genexus,java
geo-localizacion,android
git,javascript
git-push,javascript
github,javascript
glassfish,java
gmail,php
google-chrome,javascript
google-drive,android
google-hoja-de-calculo,javascript
google-maps,android
google-play,android
google-visualization,javascript
gradle,android
gson,android
gui,java
gulp,javascript
hashmap,java
herencia,java
heroku,javascript
hibernate,java
hilos,java
hosting,php
html5,javascript
http,javascript
https,php
ide,php
if,php
iis,c#
impresión,java
input,javascript
insert,php
intellij,java
internet-explorer,javascript
ionic,javascript
ionic2,javascript
ios,android
iphone,php
jade,javascript
jasper-reports,java
java-8,java
java-ee,java
java-swing,java
javafx,java
jboss,java
jdbc,java
jframe,java
join,php
joomla3,php
jpa,java
jquery,javascript
jquery-datepicker,javascript
jquery-mobile,javascript
jquery-ui,javascript
jquery-validate,javascript
jsf,java
jsp,java
jtable,java
jwt,javascript
laravel,php
laravel-5,php
laravel-blade,php
layout,android
lenguaje-agnóstico,java
licencias,android
linq,c#
linq-to-sql,c#
linux,php
lista,java
listview,android
local-storage,javascript
login,php
mac-os,php
mariadb,php
material-design,android
materialize,javascript
maven,java
menu,android
mercadopago,php
meteor,android
metodos,java
mod-rewrite,php
modal,javascript
mongodb,javascript
mongoose,javascript
ms-access-2010,c#
mysql,php
mysql-workbench,php
mysqli,php
netbeans,java
ng-cordova,android
nginx,php
nodejs,javascript
npm,javascript
numpy,python
objective-c,android
objeto,javascript
opencv,python
operador,java
oracle-11g,java
ordenamiento,java
orm,php
osx,php
pandas,python
parsear,android
pdo,php
permisos,android
phonegap,android
php5,php
php7,php
phpexcel,php
phpmailer,php
phpmyadmin,php
pilas,c++
plsql,java
plugin,php
poo,java
post,php
postgresql,php
postgresql-9.3,php
prestashop,php
primefaces,java
programacion-bajo-nivel,javascript
programación-móvil,android
progressbar,android
promesas,javascript
punteros,c++
push-notification,android
python-2.7,python
python-3.x,python
qt,c++
query,php
r,java
random,java
razor,c#
reactjs,javascript
recursión,javascript
recyclerview,android
redirección,php
regex,javascript
reportviewer,c#
retrofit,android
ruby,ruby-on-rails
rubygems,ruby-on-rails
scss,javascript
sed,php
seguridad,php
select,php
select2,javascript
selenium,java
seo,php
serialización,java
servidores,php
servlets,java
session,php
sharedpreferences,android
shell,php
socket,java
socket.io,javascript
spinner,android
spring,java
spring-boot,java
spring-mvc,java
sql,php
sql-server,c#
sql-server-2008,c#
sqlite,android
sqlite3,android
ssh,php
stored-procedure,c#
string,java
sublimetext3,php
svg,javascript
symfony2,php
symfony3,php
template,c++
textview,android
tkinter,python
tomcat,java
twig,php
twitter-api,php
typescript,javascript
ubuntu,php
unicode,java
unity,c#
unix,php
utf-8,php
uwp,c#
validación,javascript
variables,php
vb.net,c#
vb6,android
video,javascript
vistas,php
visual-c++,c++
visual-studio,c#
visual-studio-2010,c#
visual-studio-2013,c#
visual-studio-2015,c#
vue.js,javascript
wcf,c#
web,php
webforms,c#
weblogic,java
websocket,javascript
webview,android
webview-android,android
while,php
windows,java
windows-forms,c#
woocommerce,php
wordpress,php
wordpress-theme,php
wpf,c#
xamarin,android
xamarin.forms,android
xaml,c#
xampp,php
xcode,android
xhtml,javascript
yii2,php
zip,java
ajax,ajax
android,android
animación,animación
aplicación-web,aplicación-web
array,array
arreglos,arreglos
base-de-datos,base-de-datos
bash,bash
batch,batch
buscador,buscador
c#,c#
c++,c++
combobox,combobox
css3,css3
datepicker,datepicker
debian,debian
django,django
django-admin,django-admin
eloquent,eloquent
excel,excel
facebook-api,facebook-api
fecha,fecha
formularios,formularios
ftp,ftp
funciones,funciones
git-commit,git-commit
go,go
google-apps-script,google-apps-script
gridview,gridview
highcharts,highcharts
html,html
imagen,imagen
interfaz-gráfica,interfaz-gráfica
java,java
javascript,javascript
json,json
laravel-4,laravel-4
list,list
loops,loops
lua,lua
manejo-de-memoria,manejo-de-memoria
map,map
matemáticas,matemáticas
matrices,matrices
mobile,mobile
ms-access,ms-access
mvc,mvc
object,object
optimización,optimización
oracle,oracle
patrones-de-diseño,patrones-de-diseño
pdf,pdf
php,php
python,python
rendimiento,rendimiento
rest,rest
revisión-de-código,revisión-de-código
ruby-on-rails,ruby-on-rails
scroll,scroll
servicio,servicio
soap,soap
sql-server-2012,sql-server-2012
swift,swift
swift2,swift2
swift3,swift3
timer,timer
trigger,trigger
try-catch,try-catch
tsql,tsql
unity3d,unity3d
url,url
vba,vba
webservice,webservice
windows10,windows10
xml,xml
